{
    "chartjsLine": {
        "datasets": [
            [
                65,
                59,
                80,
                81,
                56,
                55,
                40
            ],
            [
                65,
                59,
                80,
                81,
                56,
                55,
                40
            ]
        ]
    },
    "chartjsBar": {
        "datasets": [
            [
                65,
                59,
                80,
                81,
                56,
                55,
                40
            ],
            [
                28,
                48,
                40,
                19,
                86,
                27,
                90
            ]
        ]
    },
    "chartjsRadar": {
        "datasets": [
            [
                65,
                59,
                90,
                81,
                56,
                55,
                40
            ],
            [
                28,
                48,
                40,
                19,
                96,
                27,
                100
            ]
        ]
    }
}