{
    "smallPie1": {
        "data": [
            {
                "label": "Tasks",
                "value": 24,
                "suffix": "%",
                "color": "#FFFFFF",
                "colorComplement": "transparent"
            }
        ],
        "options": {
            "thickness": 10,
            "mode": "gauge",
            "total": 100,
            "backgroundColor": "transparent"
        }
    },
    "smallPie2": {
        "data": [
            {
                "label": "USD",
                "value": 64,
                "suffix": "%",
                "color": "#FFFFFF",
                "colorComplement": "transparent"
            }
        ],
        "options": {
            "thickness": 10,
            "mode": "gauge",
            "total": 100,
            "backgroundColor": "transparent"
        }
    },
    "smallPie3": {
        "data": [
            {
                "label": "Tot.",
                "value": 84,
                "suffix": "%",
                "color": "#FFFFFF",
                "colorComplement": "transparent"
            }
        ],
        "options": {
            "thickness": 10,
            "mode": "gauge",
            "total": 100,
            "backgroundColor": "transparent"
        }
    }
}