{
    "timed": [],
    "tolerance": [
        {
            "x": 0,
            "average": 23,
            "extrema_min": 18,
            "extrema_max": 27
        },
        {
            "x": 1,
            "average": 24,
            "extrema_min": 22,
            "extrema_max": 27
        },
        {
            "x": 2,
            "average": 21,
            "extrema_min": 17,
            "extrema_max": 25
        },
        {
            "x": 3,
            "average": 20,
            "extrema_min": 18,
            "extrema_max": 24
        },
        {
            "x": 4,
            "average": 23,
            "extrema_min": 19,
            "extrema_max": 27
        },
        {
            "x": 5,
            "average": 22,
            "extrema_min": 18,
            "extrema_max": 25
        },
        {
            "x": 6,
            "average": 23,
            "extrema_min": 21,
            "extrema_max": 25
        },
        {
            "x": 7,
            "average": 21,
            "extrema_min": 17,
            "extrema_max": 25
        },
        {
            "x": 8,
            "average": 22,
            "extrema_min": 18,
            "extrema_max": 26
        },
        {
            "x": 9,
            "average": 22,
            "extrema_min": 20,
            "extrema_max": 24
        },
        {
            "x": 10,
            "average": 25,
            "extrema_min": 22,
            "extrema_max": 29
        },
        {
            "x": 11,
            "average": 20,
            "extrema_min": 16,
            "extrema_max": 24
        },
        {
            "x": 12,
            "average": 20,
            "extrema_min": 16,
            "extrema_max": 25
        },
        {
            "x": 13,
            "average": 21,
            "extrema_min": 17,
            "extrema_max": 26
        },
        {
            "x": 14,
            "average": 24,
            "extrema_min": 22,
            "extrema_max": 28
        },
        {
            "x": 15,
            "average": 23,
            "extrema_min": 20,
            "extrema_max": 26
        },
        {
            "x": 16,
            "average": 22,
            "extrema_min": 17,
            "extrema_max": 27
        },
        {
            "x": 17,
            "average": 23,
            "extrema_min": 19,
            "extrema_max": 27
        },
        {
            "x": 18,
            "average": 25,
            "extrema_min": 21,
            "extrema_max": 29
        },
        {
            "x": 19,
            "average": 21,
            "extrema_min": 18,
            "extrema_max": 24
        },
        {
            "x": 20,
            "average": 23,
            "extrema_min": 20,
            "extrema_max": 25
        },
        {
            "x": 21,
            "average": 20,
            "extrema_min": 17,
            "extrema_max": 23
        },
        {
            "x": 22,
            "average": 24,
            "extrema_min": 20,
            "extrema_max": 27
        },
        {
            "x": 23,
            "average": 23,
            "extrema_min": 20,
            "extrema_max": 26
        },
        {
            "x": 24,
            "average": 23,
            "extrema_min": 20,
            "extrema_max": 27
        },
        {
            "x": 25,
            "average": 22,
            "extrema_min": 17,
            "extrema_max": 27
        },
        {
            "x": 26,
            "average": 23,
            "extrema_min": 20,
            "extrema_max": 25
        },
        {
            "x": 27,
            "average": 23,
            "extrema_min": 20,
            "extrema_max": 26
        },
        {
            "x": 28,
            "average": 21,
            "extrema_min": 16,
            "extrema_max": 26
        },
        {
            "x": 29,
            "average": 21,
            "extrema_min": 18,
            "extrema_max": 23
        }
    ],
    "numerical": [
        {
            "x": 0,
            "val_0": 0,
            "val_1": 0,
            "val_2": 0,
            "val_3": 0
        },
        {
            "x": 1,
            "val_0": 0.993,
            "val_1": 3.894,
            "val_2": 8.47,
            "val_3": 14.347
        },
        {
            "x": 2,
            "val_0": 1.947,
            "val_1": 7.174,
            "val_2": 13.981,
            "val_3": 19.991
        },
        {
            "x": 3,
            "val_0": 2.823,
            "val_1": 9.32,
            "val_2": 14.608,
            "val_3": 13.509
        },
        {
            "x": 4,
            "val_0": 3.587,
            "val_1": 9.996,
            "val_2": 10.132,
            "val_3": -1.167
        },
        {
            "x": 5,
            "val_0": 4.207,
            "val_1": 9.093,
            "val_2": 2.117,
            "val_3": -15.136
        },
        {
            "x": 6,
            "val_0": 4.66,
            "val_1": 6.755,
            "val_2": -6.638,
            "val_3": -19.923
        },
        {
            "x": 7,
            "val_0": 4.927,
            "val_1": 3.35,
            "val_2": -13.074,
            "val_3": -12.625
        },
        {
            "x": 8,
            "val_0": 4.998,
            "val_1": -0.584,
            "val_2": -14.942,
            "val_3": 2.331
        },
        {
            "x": 9,
            "val_0": 4.869,
            "val_1": -4.425,
            "val_2": -11.591,
            "val_3": 15.873
        },
        {
            "x": 10,
            "val_0": 4.546,
            "val_1": -7.568,
            "val_2": -4.191,
            "val_3": 19.787
        },
        {
            "x": 11,
            "val_0": 4.042,
            "val_1": -9.516,
            "val_2": 4.673,
            "val_3": 11.698
        },
        {
            "x": 12,
            "val_0": 3.377,
            "val_1": -9.962,
            "val_2": 11.905,
            "val_3": -3.487
        },
        {
            "x": 13,
            "val_0": 2.578,
            "val_1": -8.835,
            "val_2": 14.978,
            "val_3": -16.557
        },
        {
            "x": 14,
            "val_0": 1.675,
            "val_1": -6.313,
            "val_2": 12.819,
            "val_3": -19.584
        },
        {
            "x": 15,
            "val_0": 0.706,
            "val_1": -2.794,
            "val_2": 6.182,
            "val_3": -10.731
        },
        {
            "x": 16,
            "val_0": -0.292,
            "val_1": 1.165,
            "val_2": -2.615,
            "val_3": 4.63
        },
        {
            "x": 17,
            "val_0": -1.278,
            "val_1": 4.941,
            "val_2": -10.498,
            "val_3": 17.183
        },
        {
            "x": 18,
            "val_0": -2.213,
            "val_1": 7.937,
            "val_2": -14.714,
            "val_3": 19.313
        },
        {
            "x": 19,
            "val_0": -3.059,
            "val_1": 9.679,
            "val_2": -13.79,
            "val_3": 9.728
        },
        {
            "x": 20,
            "val_0": -3.784,
            "val_1": 9.894,
            "val_2": -8.049,
            "val_3": -5.758
        },
        {
            "x": 21,
            "val_0": -4.358,
            "val_1": 8.546,
            "val_2": 0.504,
            "val_3": -17.751
        },
        {
            "x": 22,
            "val_0": -4.758,
            "val_1": 5.849,
            "val_2": 8.881,
            "val_3": -18.977
        },
        {
            "x": 23,
            "val_0": -4.968,
            "val_1": 2.229,
            "val_2": 14.155,
            "val_3": -8.691
        },
        {
            "x": 24,
            "val_0": -4.981,
            "val_1": -1.743,
            "val_2": 14.485,
            "val_3": 6.866
        },
        {
            "x": 25,
            "val_0": -4.795,
            "val_1": -5.44,
            "val_2": 9.754,
            "val_3": 18.259
        },
        {
            "x": 26,
            "val_0": -4.417,
            "val_1": -8.278,
            "val_2": 1.616,
            "val_3": 18.576
        },
        {
            "x": 27,
            "val_0": -3.864,
            "val_1": -9.809,
            "val_2": -7.086,
            "val_3": 7.625
        },
        {
            "x": 28,
            "val_0": -3.156,
            "val_1": -9.792,
            "val_2": -13.314,
            "val_3": -7.951
        },
        {
            "x": 29,
            "val_0": -2.323,
            "val_1": -8.228,
            "val_2": -14.89,
            "val_3": -18.704
        },
        {
            "x": 30,
            "val_0": -1.397,
            "val_1": -5.366,
            "val_2": -11.265,
            "val_3": -18.112
        },
        {
            "x": 31,
            "val_0": -0.415,
            "val_1": -1.656,
            "val_2": -3.705,
            "val_3": -6.533
        },
        {
            "x": 32,
            "val_0": 0.583,
            "val_1": 2.315,
            "val_2": 5.15,
            "val_3": 9.009
        },
        {
            "x": 33,
            "val_0": 1.558,
            "val_1": 5.921,
            "val_2": 12.205,
            "val_3": 19.086
        },
        {
            "x": 34,
            "val_0": 2.471,
            "val_1": 8.592,
            "val_2": 14.997,
            "val_3": 17.585
        },
        {
            "x": 35,
            "val_0": 3.285,
            "val_1": 9.906,
            "val_2": 12.55,
            "val_3": 5.418
        },
        {
            "x": 36,
            "val_0": 3.968,
            "val_1": 9.657,
            "val_2": 5.719,
            "val_3": -10.036
        },
        {
            "x": 37,
            "val_0": 4.494,
            "val_1": 7.883,
            "val_2": -3.11,
            "val_3": -19.402
        },
        {
            "x": 38,
            "val_0": 4.84,
            "val_1": 4.864,
            "val_2": -10.852,
            "val_3": -16.999
        },
        {
            "x": 39,
            "val_0": 4.993,
            "val_1": 1.078,
            "val_2": -14.804,
            "val_3": -4.285
        },
        {
            "x": 40,
            "val_0": 4.947,
            "val_1": -2.879,
            "val_2": -13.584,
            "val_3": 11.029
        },
        {
            "x": 41,
            "val_0": 4.704,
            "val_1": -6.381,
            "val_2": -7.618,
            "val_3": 19.652
        },
        {
            "x": 42,
            "val_0": 4.273,
            "val_1": -8.876,
            "val_2": 1.008,
            "val_3": 16.355
        },
        {
            "x": 43,
            "val_0": 3.672,
            "val_1": -9.969,
            "val_2": 9.283,
            "val_3": 3.137
        },
        {
            "x": 44,
            "val_0": 2.925,
            "val_1": -9.488,
            "val_2": 14.314,
            "val_3": -11.984
        },
        {
            "x": 45,
            "val_0": 2.061,
            "val_1": -7.51,
            "val_2": 14.346,
            "val_3": -19.836
        },
        {
            "x": 46,
            "val_0": 1.114,
            "val_1": -4.346,
            "val_2": 9.366,
            "val_3": -15.655
        },
        {
            "x": 47,
            "val_0": 0.124,
            "val_1": -0.495,
            "val_2": 1.114,
            "val_3": -1.979
        },
        {
            "x": 48,
            "val_0": -0.872,
            "val_1": 3.433,
            "val_2": -7.527,
            "val_3": 12.898
        },
        {
            "x": 49,
            "val_0": -1.832,
            "val_1": 6.82,
            "val_2": -13.538,
            "val_3": 19.951
        },
        {
            "x": 50,
            "val_0": -2.72,
            "val_1": 9.129,
            "val_2": -14.82,
            "val_3": 14.902
        },
        {
            "x": 51,
            "val_0": -3.499,
            "val_1": 9.998,
            "val_2": -10.925,
            "val_3": 0.814
        },
        {
            "x": 52,
            "val_0": -4.139,
            "val_1": 9.288,
            "val_2": -3.214,
            "val_3": -13.768
        },
        {
            "x": 53,
            "val_0": -4.614,
            "val_1": 7.112,
            "val_2": 5.621,
            "val_3": -19.999
        },
        {
            "x": 54,
            "val_0": -4.905,
            "val_1": 3.813,
            "val_2": 12.491,
            "val_3": -14.098
        },
        {
            "x": 55,
            "val_0": -5,
            "val_1": -0.089,
            "val_2": 14.999,
            "val_3": 0.354
        },
        {
            "x": 56,
            "val_0": -4.896,
            "val_1": -3.976,
            "val_2": 12.266,
            "val_3": 14.592
        },
        {
            "x": 57,
            "val_0": -4.597,
            "val_1": -7.235,
            "val_2": 5.249,
            "val_3": 19.978
        },
        {
            "x": 58,
            "val_0": -4.114,
            "val_1": -9.352,
            "val_2": -3.602,
            "val_3": 13.246
        },
        {
            "x": 59,
            "val_0": -3.468,
            "val_1": -9.993,
            "val_2": -11.194,
            "val_3": -1.521
        },
        {
            "x": 60,
            "val_0": -2.683,
            "val_1": -9.056,
            "val_2": -14.877,
            "val_3": -15.365
        },
        {
            "x": 61,
            "val_0": -1.791,
            "val_1": -6.689,
            "val_2": -13.362,
            "val_3": -19.889
        },
        {
            "x": 62,
            "val_0": -0.828,
            "val_1": -3.266,
            "val_2": -7.18,
            "val_3": -12.349
        },
        {
            "x": 63,
            "val_0": 0.168,
            "val_1": 0.672,
            "val_2": 1.511,
            "val_3": 2.682
        },
        {
            "x": 64,
            "val_0": 1.158,
            "val_1": 4.504,
            "val_2": 9.673,
            "val_3": 16.086
        },
        {
            "x": 65,
            "val_0": 2.101,
            "val_1": 7.626,
            "val_2": 14.457,
            "val_3": 19.733
        },
        {
            "x": 66,
            "val_0": 2.96,
            "val_1": 9.543,
            "val_2": 14.19,
            "val_3": 11.409
        },
        {
            "x": 67,
            "val_0": 3.702,
            "val_1": 9.954,
            "val_2": 8.966,
            "val_3": -3.835
        },
        {
            "x": 68,
            "val_0": 4.296,
            "val_1": 8.793,
            "val_2": 0.61,
            "val_3": -16.753
        },
        {
            "x": 69,
            "val_0": 4.718,
            "val_1": 6.244,
            "val_2": -7.959,
            "val_3": -19.509
        },
        {
            "x": 70,
            "val_0": 4.953,
            "val_1": 2.709,
            "val_2": -13.748,
            "val_3": -10.431
        },
        {
            "x": 71,
            "val_0": 4.99,
            "val_1": -1.253,
            "val_2": -14.734,
            "val_3": 4.974
        },
        {
            "x": 72,
            "val_0": 4.828,
            "val_1": -5.018,
            "val_2": -10.574,
            "val_3": 17.362
        },
        {
            "x": 73,
            "val_0": 4.474,
            "val_1": -7.99,
            "val_2": -2.719,
            "val_3": 19.218
        },
        {
            "x": 74,
            "val_0": 3.941,
            "val_1": -9.701,
            "val_2": 6.085,
            "val_3": 9.417
        },
        {
            "x": 75,
            "val_0": 3.251,
            "val_1": -9.88,
            "val_2": 12.764,
            "val_3": -6.096
        },
        {
            "x": 76,
            "val_0": 2.432,
            "val_1": -8.5,
            "val_2": 14.984,
            "val_3": -17.912
        },
        {
            "x": 77,
            "val_0": 1.516,
            "val_1": -5.777,
            "val_2": 11.969,
            "val_3": -18.862
        },
        {
            "x": 78,
            "val_0": 0.539,
            "val_1": -2.143,
            "val_2": 4.774,
            "val_3": -8.371
        },
        {
            "x": 79,
            "val_0": -0.46,
            "val_1": 1.83,
            "val_2": -4.089,
            "val_3": 7.198
        },
        {
            "x": 80,
            "val_0": -1.44,
            "val_1": 5.514,
            "val_2": -11.524,
            "val_3": 18.401
        },
        {
            "x": 81,
            "val_0": -2.362,
            "val_1": 8.328,
            "val_2": -14.933,
            "val_3": 18.442
        },
        {
            "x": 82,
            "val_0": -3.191,
            "val_1": 9.826,
            "val_2": -13.125,
            "val_3": 7.297
        },
        {
            "x": 83,
            "val_0": -3.892,
            "val_1": 9.773,
            "val_2": -6.733,
            "val_3": -8.275
        },
        {
            "x": 84,
            "val_0": -4.438,
            "val_1": 8.178,
            "val_2": 2.012,
            "val_3": -18.827
        },
        {
            "x": 85,
            "val_0": -4.807,
            "val_1": 5.291,
            "val_2": 10.053,
            "val_3": -17.959
        },
        {
            "x": 86,
            "val_0": -4.985,
            "val_1": 1.569,
            "val_2": 14.583,
            "val_3": -6.197
        },
        {
            "x": 87,
            "val_0": -4.963,
            "val_1": -2.401,
            "val_2": 14.019,
            "val_3": 9.323
        },
        {
            "x": 88,
            "val_0": -4.744,
            "val_1": -5.992,
            "val_2": 8.557,
            "val_3": 19.189
        },
        {
            "x": 89,
            "val_0": -4.336,
            "val_1": -8.637,
            "val_2": 0.106,
            "val_3": 17.414
        },
        {
            "x": 90,
            "val_0": -3.755,
            "val_1": -9.918,
            "val_2": -8.382,
            "val_3": 5.076
        },
        {
            "x": 91,
            "val_0": -3.024,
            "val_1": -9.633,
            "val_2": -13.942,
            "val_3": -10.34
        },
        {
            "x": 92,
            "val_0": -2.173,
            "val_1": -7.828,
            "val_2": -14.631,
            "val_3": -19.485
        },
        {
            "x": 93,
            "val_0": -1.235,
            "val_1": -4.786,
            "val_2": -10.21,
            "val_3": -16.81
        },
        {
            "x": 94,
            "val_0": -0.248,
            "val_1": -0.989,
            "val_2": -2.222,
            "val_3": -3.939
        },
        {
            "x": 95,
            "val_0": 0.749,
            "val_1": 2.964,
            "val_2": 6.542,
            "val_3": 11.322
        },
        {
            "x": 96,
            "val_0": 1.717,
            "val_1": 6.449,
            "val_2": 13.021,
            "val_3": 19.715
        },
        {
            "x": 97,
            "val_0": 2.615,
            "val_1": 8.916,
            "val_2": 14.951,
            "val_3": 16.149
        },
        {
            "x": 98,
            "val_0": 3.41,
            "val_1": 9.976,
            "val_2": 11.659,
            "val_3": 2.787
        },
        {
            "x": 99,
            "val_0": 4.068,
            "val_1": 9.46,
            "val_2": 4.293,
            "val_3": -12.265
        }
    ],
    "logarithmic": [
        {
            "x": 0,
            "val_0": 300000,
            "val_1": 400000,
            "val_2": 500000,
            "val_3": 600000
        },
        {
            "x": 1,
            "val_0": 208060,
            "val_1": 308060,
            "val_2": 408060,
            "val_3": 508060
        },
        {
            "x": 2,
            "val_0": 16771,
            "val_1": 116771,
            "val_2": 216771,
            "val_3": 316771
        },
        {
            "x": 3,
            "val_0": 97998,
            "val_1": 2002,
            "val_2": 102002,
            "val_3": 202002
        },
        {
            "x": 4,
            "val_0": 30728,
            "val_1": 69272,
            "val_2": 169272,
            "val_3": 269272
        },
        {
            "x": 5,
            "val_0": 156732,
            "val_1": 256732,
            "val_2": 356732,
            "val_3": 456732
        },
        {
            "x": 6,
            "val_0": 292034,
            "val_1": 392034,
            "val_2": 492034,
            "val_3": 592034
        },
        {
            "x": 7,
            "val_0": 250780,
            "val_1": 350780,
            "val_2": 450780,
            "val_3": 550780
        },
        {
            "x": 8,
            "val_0": 70900,
            "val_1": 170900,
            "val_2": 270900,
            "val_3": 370900
        },
        {
            "x": 9,
            "val_0": 82226,
            "val_1": 17774,
            "val_2": 117774,
            "val_3": 217774
        },
        {
            "x": 10,
            "val_0": 67814,
            "val_1": 32186,
            "val_2": 132186,
            "val_3": 232186
        },
        {
            "x": 11,
            "val_0": 100885,
            "val_1": 200885,
            "val_2": 300885,
            "val_3": 400885
        },
        {
            "x": 12,
            "val_0": 268770,
            "val_1": 368770,
            "val_2": 468770,
            "val_3": 568770
        },
        {
            "x": 13,
            "val_0": 281489,
            "val_1": 381489,
            "val_2": 481489,
            "val_3": 581489
        },
        {
            "x": 14,
            "val_0": 127347,
            "val_1": 227347,
            "val_2": 327347,
            "val_3": 427347
        },
        {
            "x": 15,
            "val_0": 51937,
            "val_1": 48063,
            "val_2": 148063,
            "val_3": 248063
        },
        {
            "x": 16,
            "val_0": 91531,
            "val_1": 8469,
            "val_2": 108469,
            "val_3": 208469
        },
        {
            "x": 17,
            "val_0": 44968,
            "val_1": 144968,
            "val_2": 244968,
            "val_3": 344968
        },
        {
            "x": 18,
            "val_0": 232063,
            "val_1": 332063,
            "val_2": 432063,
            "val_3": 532063
        },
        {
            "x": 19,
            "val_0": 297740,
            "val_1": 397740,
            "val_2": 497740,
            "val_3": 597740
        },
        {
            "x": 20,
            "val_0": 181616,
            "val_1": 281616,
            "val_2": 381616,
            "val_3": 481616
        },
        {
            "x": 21,
            "val_0": 9545,
            "val_1": 90455,
            "val_2": 190455,
            "val_3": 290455
        },
        {
            "x": 22,
            "val_0": 99992,
            "val_1": 8,
            "val_2": 100008,
            "val_3": 200008
        },
        {
            "x": 23,
            "val_0": 6566,
            "val_1": 93434,
            "val_2": 193434,
            "val_3": 293434
        },
        {
            "x": 24,
            "val_0": 184835,
            "val_1": 284835,
            "val_2": 384835,
            "val_3": 484835
        },
        {
            "x": 25,
            "val_0": 298240,
            "val_1": 398240,
            "val_2": 498240,
            "val_3": 598240
        },
        {
            "x": 26,
            "val_0": 229383,
            "val_1": 329383,
            "val_2": 429383,
            "val_3": 529383
        },
        {
            "x": 27,
            "val_0": 41573,
            "val_1": 141573,
            "val_2": 241573,
            "val_3": 341573
        },
        {
            "x": 28,
            "val_0": 92521,
            "val_1": 7479,
            "val_2": 107479,
            "val_3": 207479
        },
        {
            "x": 29,
            "val_0": 49611,
            "val_1": 50389,
            "val_2": 150389,
            "val_3": 250389
        },
        {
            "x": 30,
            "val_0": 130850,
            "val_1": 230850,
            "val_2": 330850,
            "val_3": 430850
        },
        {
            "x": 31,
            "val_0": 282948,
            "val_1": 382948,
            "val_2": 482948,
            "val_3": 582948
        },
        {
            "x": 32,
            "val_0": 266844,
            "val_1": 366844,
            "val_2": 466844,
            "val_3": 566844
        },
        {
            "x": 33,
            "val_0": 97345,
            "val_1": 197345,
            "val_2": 297345,
            "val_3": 397345
        },
        {
            "x": 34,
            "val_0": 69714,
            "val_1": 30286,
            "val_2": 130286,
            "val_3": 230286
        },
        {
            "x": 35,
            "val_0": 80738,
            "val_1": 19262,
            "val_2": 119262,
            "val_3": 219262
        },
        {
            "x": 36,
            "val_0": 74408,
            "val_1": 174408,
            "val_2": 274408,
            "val_3": 374408
        },
        {
            "x": 37,
            "val_0": 253082,
            "val_1": 353082,
            "val_2": 453082,
            "val_3": 553082
        },
        {
            "x": 38,
            "val_0": 291014,
            "val_1": 391014,
            "val_2": 491014,
            "val_3": 591014
        },
        {
            "x": 39,
            "val_0": 153328,
            "val_1": 253328,
            "val_2": 353328,
            "val_3": 453328
        },
        {
            "x": 40,
            "val_0": 33387,
            "val_1": 66613,
            "val_2": 166613,
            "val_3": 266613
        },
        {
            "x": 41,
            "val_0": 97467,
            "val_1": 2533,
            "val_2": 102533,
            "val_3": 202533
        },
        {
            "x": 42,
            "val_0": 20003,
            "val_1": 120003,
            "val_2": 220003,
            "val_3": 320003
        },
        {
            "x": 43,
            "val_0": 211022,
            "val_1": 311022,
            "val_2": 411022,
            "val_3": 511022
        },
        {
            "x": 44,
            "val_0": 299968,
            "val_1": 399968,
            "val_2": 499968,
            "val_3": 599968
        },
        {
            "x": 45,
            "val_0": 205064,
            "val_1": 305064,
            "val_2": 405064,
            "val_3": 505064
        },
        {
            "x": 46,
            "val_0": 13565,
            "val_1": 113565,
            "val_2": 213565,
            "val_3": 313565
        },
        {
            "x": 47,
            "val_0": 98467,
            "val_1": 1533,
            "val_2": 101533,
            "val_3": 201533
        },
        {
            "x": 48,
            "val_0": 28028,
            "val_1": 71972,
            "val_2": 171972,
            "val_3": 271972
        },
        {
            "x": 49,
            "val_0": 160118,
            "val_1": 260118,
            "val_2": 360118,
            "val_3": 460118
        },
        {
            "x": 50,
            "val_0": 292993,
            "val_1": 392993,
            "val_2": 492993,
            "val_3": 592993
        },
        {
            "x": 51,
            "val_0": 248430,
            "val_1": 348430,
            "val_2": 448430,
            "val_3": 548430
        },
        {
            "x": 52,
            "val_0": 67402,
            "val_1": 167402,
            "val_2": 267402,
            "val_3": 367402
        },
        {
            "x": 53,
            "val_0": 83656,
            "val_1": 16344,
            "val_2": 116344,
            "val_3": 216344
        },
        {
            "x": 54,
            "val_0": 65861,
            "val_1": 34139,
            "val_2": 134139,
            "val_3": 234139
        },
        {
            "x": 55,
            "val_0": 104425,
            "val_1": 204425,
            "val_2": 304425,
            "val_3": 404425
        },
        {
            "x": 56,
            "val_0": 270644,
            "val_1": 370644,
            "val_2": 470644,
            "val_3": 570644
        },
        {
            "x": 57,
            "val_0": 279973,
            "val_1": 379973,
            "val_2": 479973,
            "val_3": 579973
        },
        {
            "x": 58,
            "val_0": 123836,
            "val_1": 223836,
            "val_2": 323836,
            "val_3": 423836
        },
        {
            "x": 59,
            "val_0": 54216,
            "val_1": 45784,
            "val_2": 145784,
            "val_3": 245784
        },
        {
            "x": 60,
            "val_0": 90482,
            "val_1": 9518,
            "val_2": 109518,
            "val_3": 209518
        },
        {
            "x": 61,
            "val_0": 48380,
            "val_1": 148380,
            "val_2": 248380,
            "val_3": 348380
        },
        {
            "x": 62,
            "val_0": 234701,
            "val_1": 334701,
            "val_2": 434701,
            "val_3": 534701
        },
        {
            "x": 63,
            "val_0": 297179,
            "val_1": 397179,
            "val_2": 497179,
            "val_3": 597179
        },
        {
            "x": 64,
            "val_0": 178371,
            "val_1": 278371,
            "val_2": 378371,
            "val_3": 478371
        },
        {
            "x": 65,
            "val_0": 12490,
            "val_1": 87510,
            "val_2": 187510,
            "val_3": 287510
        },
        {
            "x": 66,
            "val_0": 99929,
            "val_1": 71,
            "val_2": 100071,
            "val_3": 200071
        },
        {
            "x": 67,
            "val_0": 3553,
            "val_1": 96447,
            "val_2": 196447,
            "val_3": 296447
        },
        {
            "x": 68,
            "val_0": 188028,
            "val_1": 288028,
            "val_2": 388028,
            "val_3": 488028
        },
        {
            "x": 69,
            "val_0": 298678,
            "val_1": 398678,
            "val_2": 498678,
            "val_3": 598678
        },
        {
            "x": 70,
            "val_0": 226663,
            "val_1": 326663,
            "val_2": 426663,
            "val_3": 526663
        },
        {
            "x": 71,
            "val_0": 38196,
            "val_1": 138196,
            "val_2": 238196,
            "val_3": 338196
        },
        {
            "x": 72,
            "val_0": 93450,
            "val_1": 6550,
            "val_2": 106550,
            "val_3": 206550
        },
        {
            "x": 73,
            "val_0": 47238,
            "val_1": 52762,
            "val_2": 152762,
            "val_3": 252762
        },
        {
            "x": 74,
            "val_0": 134343,
            "val_1": 234343,
            "val_2": 334343,
            "val_3": 434343
        },
        {
            "x": 75,
            "val_0": 284350,
            "val_1": 384350,
            "val_2": 484350,
            "val_3": 584350
        },
        {
            "x": 76,
            "val_0": 264866,
            "val_1": 364866,
            "val_2": 464866,
            "val_3": 564866
        },
        {
            "x": 77,
            "val_0": 93805,
            "val_1": 193805,
            "val_2": 293805,
            "val_3": 393805
        },
        {
            "x": 78,
            "val_0": 71560,
            "val_1": 28440,
            "val_2": 128440,
            "val_3": 228440
        },
        {
            "x": 79,
            "val_0": 79194,
            "val_1": 20806,
            "val_2": 120806,
            "val_3": 220806
        },
        {
            "x": 80,
            "val_0": 77923,
            "val_1": 177923,
            "val_2": 277923,
            "val_3": 377923
        },
        {
            "x": 81,
            "val_0": 255337,
            "val_1": 355337,
            "val_2": 455337,
            "val_3": 555337
        },
        {
            "x": 82,
            "val_0": 289935,
            "val_1": 389935,
            "val_2": 489935,
            "val_3": 589935
        },
        {
            "x": 83,
            "val_0": 149908,
            "val_1": 249908,
            "val_2": 349908,
            "val_3": 449908
        },
        {
            "x": 84,
            "val_0": 36004,
            "val_1": 63996,
            "val_2": 163996,
            "val_3": 263996
        },
        {
            "x": 85,
            "val_0": 96875,
            "val_1": 3125,
            "val_2": 103125,
            "val_3": 203125
        },
        {
            "x": 86,
            "val_0": 23261,
            "val_1": 123261,
            "val_2": 223261,
            "val_3": 323261
        },
        {
            "x": 87,
            "val_0": 213950,
            "val_1": 313950,
            "val_2": 413950,
            "val_3": 513950
        },
        {
            "x": 88,
            "val_0": 299874,
            "val_1": 399874,
            "val_2": 499874,
            "val_3": 599874
        },
        {
            "x": 89,
            "val_0": 202035,
            "val_1": 302035,
            "val_2": 402035,
            "val_3": 502035
        },
        {
            "x": 90,
            "val_0": 10386,
            "val_1": 110386,
            "val_2": 210386,
            "val_3": 310386
        },
        {
            "x": 91,
            "val_0": 98873,
            "val_1": 1127,
            "val_2": 101127,
            "val_3": 201127
        },
        {
            "x": 92,
            "val_0": 25288,
            "val_1": 74712,
            "val_2": 174712,
            "val_3": 274712
        },
        {
            "x": 93,
            "val_0": 163485,
            "val_1": 263485,
            "val_2": 363485,
            "val_3": 463485
        },
        {
            "x": 94,
            "val_0": 293891,
            "val_1": 393891,
            "val_2": 493891,
            "val_3": 593891
        },
        {
            "x": 95,
            "val_0": 246034,
            "val_1": 346034,
            "val_2": 446034,
            "val_3": 546034
        },
        {
            "x": 96,
            "val_0": 63914,
            "val_1": 163914,
            "val_2": 263914,
            "val_3": 363914
        },
        {
            "x": 97,
            "val_0": 85029,
            "val_1": 14971,
            "val_2": 114971,
            "val_3": 214971
        },
        {
            "x": 98,
            "val_0": 63857,
            "val_1": 36143,
            "val_2": 136143,
            "val_3": 236143
        },
        {
            "x": 99,
            "val_0": 107964,
            "val_1": 207964,
            "val_2": 307964,
            "val_3": 407964
        }
    ],
    "noisy": [
        {
            "x": 0,
            "val_0": 98,
            "val_1": 52,
            "val_2": 46,
            "val_3": 60
        },
        {
            "x": 1,
            "val_0": 98,
            "val_1": 78,
            "val_2": 14,
            "val_3": 44
        },
        {
            "x": 2,
            "val_0": 37,
            "val_1": 3,
            "val_2": 79,
            "val_3": 50
        },
        {
            "x": 3,
            "val_0": 6,
            "val_1": 34,
            "val_2": 44,
            "val_3": 12
        },
        {
            "x": 4,
            "val_0": 3,
            "val_1": 20,
            "val_2": 2,
            "val_3": 83
        },
        {
            "x": 5,
            "val_0": 11,
            "val_1": 64,
            "val_2": 39,
            "val_3": 66
        },
        {
            "x": 6,
            "val_0": 21,
            "val_1": 66,
            "val_2": 8,
            "val_3": 25
        },
        {
            "x": 7,
            "val_0": 74,
            "val_1": 21,
            "val_2": 4,
            "val_3": 1
        },
        {
            "x": 8,
            "val_0": 45,
            "val_1": 18,
            "val_2": 65,
            "val_3": 99
        },
        {
            "x": 9,
            "val_0": 50,
            "val_1": 82,
            "val_2": 28,
            "val_3": 44
        },
        {
            "x": 10,
            "val_0": 54,
            "val_1": 88,
            "val_2": 43,
            "val_3": 8
        },
        {
            "x": 11,
            "val_0": 60,
            "val_1": 23,
            "val_2": 38,
            "val_3": 41
        },
        {
            "x": 12,
            "val_0": 51,
            "val_1": 7,
            "val_2": 81,
            "val_3": 75
        },
        {
            "x": 13,
            "val_0": 94,
            "val_1": 51,
            "val_2": 72,
            "val_3": 42
        },
        {
            "x": 14,
            "val_0": 7,
            "val_1": 27,
            "val_2": 98,
            "val_3": 5
        },
        {
            "x": 15,
            "val_0": 97,
            "val_1": 97,
            "val_2": 57,
            "val_3": 29
        },
        {
            "x": 16,
            "val_0": 14,
            "val_1": 23,
            "val_2": 21,
            "val_3": 3
        },
        {
            "x": 17,
            "val_0": 45,
            "val_1": 13,
            "val_2": 49,
            "val_3": 43
        },
        {
            "x": 18,
            "val_0": 68,
            "val_1": 72,
            "val_2": 39,
            "val_3": 59
        },
        {
            "x": 19,
            "val_0": 57,
            "val_1": 96,
            "val_2": 88,
            "val_3": 15
        },
        {
            "x": 20,
            "val_0": 52,
            "val_1": 60,
            "val_2": 98,
            "val_3": 2
        },
        {
            "x": 21,
            "val_0": 65,
            "val_1": 17,
            "val_2": 61,
            "val_3": 76
        },
        {
            "x": 22,
            "val_0": 93,
            "val_1": 57,
            "val_2": 35,
            "val_3": 74
        },
        {
            "x": 23,
            "val_0": 30,
            "val_1": 8,
            "val_2": 70,
            "val_3": 66
        },
        {
            "x": 24,
            "val_0": 24,
            "val_1": 51,
            "val_2": 8,
            "val_3": 90
        },
        {
            "x": 25,
            "val_0": 54,
            "val_1": 90,
            "val_2": 26,
            "val_3": 73
        },
        {
            "x": 26,
            "val_0": 89,
            "val_1": 24,
            "val_2": 37,
            "val_3": 90
        },
        {
            "x": 27,
            "val_0": 78,
            "val_1": 83,
            "val_2": 81,
            "val_3": 80
        },
        {
            "x": 28,
            "val_0": 26,
            "val_1": 82,
            "val_2": 27,
            "val_3": 14
        },
        {
            "x": 29,
            "val_0": 1,
            "val_1": 9,
            "val_2": 25,
            "val_3": 35
        },
        {
            "x": 30,
            "val_0": 79,
            "val_1": 12,
            "val_2": 81,
            "val_3": 8
        },
        {
            "x": 31,
            "val_0": 2,
            "val_1": 53,
            "val_2": 6,
            "val_3": 38
        },
        {
            "x": 32,
            "val_0": 82,
            "val_1": 92,
            "val_2": 3,
            "val_3": 14
        },
        {
            "x": 33,
            "val_0": 34,
            "val_1": 5,
            "val_2": 78,
            "val_3": 27
        },
        {
            "x": 34,
            "val_0": 60,
            "val_1": 76,
            "val_2": 45,
            "val_3": 92
        },
        {
            "x": 35,
            "val_0": 72,
            "val_1": 50,
            "val_2": 90,
            "val_3": 43
        },
        {
            "x": 36,
            "val_0": 19,
            "val_1": 38,
            "val_2": 24,
            "val_3": 31
        },
        {
            "x": 37,
            "val_0": 69,
            "val_1": 15,
            "val_2": 35,
            "val_3": 47
        },
        {
            "x": 38,
            "val_0": 43,
            "val_1": 24,
            "val_2": 35,
            "val_3": 62
        },
        {
            "x": 39,
            "val_0": 100,
            "val_1": 17,
            "val_2": 73,
            "val_3": 5
        }
    ],
    "interrupted": [
        {
            "x": 0,
            "val_0": 0,
            "val_1": 0,
            "val_2": 0,
            "val_3": 0
        },
        {
            "x": 1,
            "val_0": 0.993,
            "val_1": 3.894,
            "val_2": 8.47,
            "val_3": 14.347
        },
        {
            "x": 2,
            "val_0": 1.947,
            "val_1": 7.174,
            "val_2": 13.981,
            "val_3": 19.991
        },
        {
            "x": 3,
            "val_0": 2.823,
            "val_1": 9.32,
            "val_2": 14.608,
            "val_3": 13.509
        },
        {
            "x": 4,
            "val_0": 3.587,
            "val_1": 9.996,
            "val_2": 10.132,
            "val_3": 1.167
        },
        {
            "x": 5,
            "val_0": 4.207,
            "val_1": 9.093,
            "val_2": 2.117,
            "val_3": 15.136
        },
        {
            "x": 6,
            "val_0": 4.66,
            "val_1": 6.755,
            "val_2": 6.638,
            "val_3": 19.923
        },
        {
            "x": 7,
            "val_0": 4.927,
            "val_1": 3.35,
            "val_2": 13.074
        },
        {
            "x": 8,
            "val_0": 4.998,
            "val_1": 0.584
        },
        {
            "x": 9,
            "val_0": 4.869
        },
        {
            "x": 10,
            "val_0": 4.546,
            "val_1": 7.568,
            "val_2": 4.191,
            "val_3": 19.787
        },
        {
            "x": 11,
            "val_0": 4.042,
            "val_1": 9.516,
            "val_2": 4.673,
            "val_3": 11.698
        },
        {
            "x": 12,
            "val_0": 3.377,
            "val_1": 9.962,
            "val_2": 11.905,
            "val_3": 3.487
        },
        {
            "x": 13,
            "val_0": 2.578,
            "val_1": 8.835,
            "val_2": 14.978,
            "val_3": 16.557
        },
        {
            "x": 14,
            "val_0": 1.675,
            "val_1": 6.313,
            "val_2": 12.819,
            "val_3": 19.584
        },
        {
            "x": 15,
            "val_0": 0.706,
            "val_1": 2.794,
            "val_2": 6.182,
            "val_3": 10.731
        },
        {
            "x": 16,
            "val_0": 0.292,
            "val_1": 1.165,
            "val_2": 2.615,
            "val_3": 4.63
        },
        {
            "x": 17,
            "val_0": 1.278,
            "val_1": 4.941,
            "val_2": 10.498
        },
        {
            "x": 18,
            "val_0": 2.213,
            "val_1": 7.937
        },
        {
            "x": 19,
            "val_0": 3.059
        }
    ],
    "parametric": [
        {
            "x": 2,
            "y": 0
        },
        {
            "x": 1.9138807,
            "y": 0.9427935
        },
        {
            "x": 1.6629392,
            "y": 1.6629392
        },
        {
            "x": 1.2687865,
            "y": 1.9903694
        },
        {
            "x": 0.76536685,
            "y": 1.847759
        },
        {
            "x": 0.19603428,
            "y": 1.2687865
        },
        {
            "x": -0.39018065,
            "y": 0.39018065
        },
        {
            "x": -0.9427935,
            "y": -0.5805693
        },
        {
            "x": -1.4142135,
            "y": -1.4142135
        },
        {
            "x": -1.7638426,
            "y": -1.9138807
        },
        {
            "x": -1.9615705,
            "y": -1.9615705
        },
        {
            "x": -1.9903694,
            "y": -1.5460209
        },
        {
            "x": -1.847759,
            "y": -0.76536685
        },
        {
            "x": -1.5460209,
            "y": 0.19603428
        },
        {
            "x": -1.1111405,
            "y": 1.1111405
        },
        {
            "x": -0.5805693,
            "y": 1.7638426
        },
        {
            "x": 3.1853197E-15,
            "y": 2
        },
        {
            "x": 0.5805693,
            "y": 1.7638426
        },
        {
            "x": 1.1111405,
            "y": 1.1111405
        },
        {
            "x": 1.5460209,
            "y": 0.19603428
        },
        {
            "x": 1.847759,
            "y": -0.76536685
        },
        {
            "x": 1.9903694,
            "y": -1.5460209
        },
        {
            "x": 1.9615705,
            "y": -1.9615705
        },
        {
            "x": 1.7638426,
            "y": -1.9138807
        },
        {
            "x": 1.4142135,
            "y": -1.4142135
        },
        {
            "x": 0.9427935,
            "y": -0.5805693
        },
        {
            "x": 0.39018065,
            "y": 0.39018065
        },
        {
            "x": -0.19603428,
            "y": 1.2687865
        },
        {
            "x": -0.76536685,
            "y": 1.847759
        },
        {
            "x": -1.2687865,
            "y": 1.9903694
        },
        {
            "x": -1.6629392,
            "y": 1.6629392
        },
        {
            "x": -1.9138807,
            "y": 0.9427935
        },
        {
            "x": -2,
            "y": -2.0091635E-14
        },
        {
            "x": -1.9138807,
            "y": -0.9427935
        },
        {
            "x": -1.6629392,
            "y": -1.6629392
        },
        {
            "x": -1.2687865,
            "y": -1.9903694
        },
        {
            "x": -0.76536685,
            "y": -1.847759
        },
        {
            "x": -0.19603428,
            "y": -1.2687865
        },
        {
            "x": 0.39018065,
            "y": -0.39018065
        },
        {
            "x": 0.9427935,
            "y": 0.5805693
        },
        {
            "x": 1.4142135,
            "y": 1.4142135
        },
        {
            "x": 1.7638426,
            "y": 1.9138807
        },
        {
            "x": 1.9615705,
            "y": 1.9615705
        },
        {
            "x": 1.9903694,
            "y": 1.5460209
        },
        {
            "x": 1.847759,
            "y": 0.76536685
        },
        {
            "x": 1.5460209,
            "y": -0.19603428
        },
        {
            "x": 1.1111405,
            "y": -1.1111405
        },
        {
            "x": 0.5805693,
            "y": -1.7638426
        },
        {
            "x": -2.4505315E-15,
            "y": -2
        },
        {
            "x": -0.5805693,
            "y": -1.7638426
        },
        {
            "x": -1.1111405,
            "y": -1.1111405
        },
        {
            "x": -1.5460209,
            "y": -0.19603428
        },
        {
            "x": -1.847759,
            "y": 0.76536685
        },
        {
            "x": -1.9903694,
            "y": 1.5460209
        },
        {
            "x": -1.9615705,
            "y": 1.9615705
        },
        {
            "x": -1.7638426,
            "y": 1.9138807
        },
        {
            "x": -1.4142135,
            "y": 1.4142135
        },
        {
            "x": -0.9427935,
            "y": 0.5805693
        },
        {
            "x": -0.39018065,
            "y": -0.39018065
        },
        {
            "x": 0.19603428,
            "y": -1.2687865
        },
        {
            "x": 0.76536685,
            "y": -1.847759
        },
        {
            "x": 1.2687865,
            "y": -1.9903694
        },
        {
            "x": 1.6629392,
            "y": -1.6629392
        },
        {
            "x": 1.9138807,
            "y": -0.9427935
        },
        {
            "x": 2,
            "y": -4.5081858E-14
        }
    ]
}