{
    "line1": {
        "data": [
            {
                "data": [
                    [
                        1,
                        15
                    ],
                    [
                        2,
                        20
                    ],
                    [
                        3,
                        14
                    ],
                    [
                        4,
                        10
                    ],
                    [
                        5,
                        10
                    ],
                    [
                        6,
                        20
                    ],
                    [
                        7,
                        28
                    ],
                    [
                        8,
                        26
                    ],
                    [
                        9,
                        22
                    ],
                    [
                        10,
                        23
                    ],
                    [
                        11,
                        24
                    ]
                ],
                "label": "New visitors",
                "lines": {
                    "fill": false
                }
            },
            {
                "data": [
                    [
                        1,
                        9
                    ],
                    [
                        2,
                        15
                    ],
                    [
                        3,
                        17
                    ],
                    [
                        4,
                        21
                    ],
                    [
                        5,
                        16
                    ],
                    [
                        6,
                        15
                    ],
                    [
                        7,
                        13
                    ],
                    [
                        8,
                        15
                    ],
                    [
                        9,
                        29
                    ],
                    [
                        10,
                        21
                    ],
                    [
                        11,
                        29
                    ]
                ],
                "label": "Returning visitors",
                "lines": {
                    "fill": false
                }
            }
        ]
    },
    "line1Small": {
        "data": [
            {
                "data": [
                    [
                        1,
                        15
                    ],
                    [
                        2,
                        20
                    ],
                    [
                        3,
                        14
                    ],
                    [
                        4,
                        10
                    ],
                    [
                        5,
                        10
                    ]
                ],
                "lines": {
                    "fill": false
                }
            },
            {
                "data": [
                    [
                        1,
                        9
                    ],
                    [
                        2,
                        15
                    ],
                    [
                        3,
                        17
                    ],
                    [
                        4,
                        21
                    ],
                    [
                        5,
                        16
                    ]
                ],
                "lines": {
                    "fill": false
                }
            }
        ]
    },
    "area": {
        "data": [
            {
                "data": [
                    [
                        2007,
                        7
                    ],
                    [
                        2008,
                        13
                    ],
                    [
                        2009,
                        26
                    ],
                    [
                        2010,
                        23
                    ],
                    [
                        2011,
                        17
                    ],
                    [
                        2012,
                        13
                    ],
                    [
                        2013,
                        10
                    ],
                    [
                        2014,
                        15
                    ],
                    [
                        2015,
                        20
                    ],
                    [
                        2016,
                        28
                    ]
                ],
                "label": "New visits",
                "lines": {
                    "fill": true
                }
            },
            {
                "data": [
                    [
                        2007,
                        4
                    ],
                    [
                        2008,
                        6
                    ],
                    [
                        2009,
                        13
                    ],
                    [
                        2010,
                        20
                    ],
                    [
                        2011,
                        19
                    ],
                    [
                        2012,
                        16
                    ],
                    [
                        2013,
                        14
                    ],
                    [
                        2014,
                        20
                    ],
                    [
                        2015,
                        15
                    ],
                    [
                        2016,
                        13
                    ]
                ],
                "label": "New sales",
                "lines": {
                    "fill": true
                },
                "yaxis": 2
            }
        ]
    },
    "areapoints": {
        "data": [
            {
                "data": [
                    [
                        1,
                        7.5
                    ],
                    [
                        2,
                        7.5
                    ],
                    [
                        3,
                        5.7
                    ],
                    [
                        4,
                        8.9
                    ],
                    [
                        5,
                        10
                    ],
                    [
                        6,
                        7
                    ],
                    [
                        7,
                        9
                    ],
                    [
                        8,
                        6
                    ],
                    [
                        9,
                        8
                    ],
                    [
                        10,
                        9
                    ]
                ],
                "label": "New visits",
                "lines": {
                    "fill": false
                }
            }
        ]
    },
    "barChart": {
        "data": [
            {
                "label": "Value A",
                "data": [
                    [
                        2008,
                        20
                    ],
                    [
                        2009,
                        10
                    ],
                    [
                        2010,
                        5
                    ],
                    [
                        2011,
                        5
                    ],
                    [
                        2012,
                        20
                    ],
                    [
                        2013,
                        28
                    ]
                ]
            },
            {
                "label": "Value B",
                "data": [
                    [
                        2008,
                        16
                    ],
                    [
                        2009,
                        22
                    ],
                    [
                        2010,
                        14
                    ],
                    [
                        2011,
                        12
                    ],
                    [
                        2012,
                        19
                    ],
                    [
                        2013,
                        22
                    ]
                ]
            },
            {
                "label": "Value C",
                "data": [
                    [
                        2008,
                        12
                    ],
                    [
                        2009,
                        30
                    ],
                    [
                        2010,
                        20
                    ],
                    [
                        2011,
                        19
                    ],
                    [
                        2012,
                        13
                    ],
                    [
                        2013,
                        20
                    ]
                ]
            }
        ]
    },
    "pieChart": {
        "data": [
            {
                "label": "Download Sales",
                "data": 12
            },
            {
                "label": "In-Store Sales",
                "data": 30
            },
            {
                "label": "Mail-Order Sales",
                "data": 20
            },
            {
                "label": "Online Sales",
                "data": 19
            }
        ]
    },
    "donutChart": {
        "data": [
            {
                "label": "Download Sales",
                "data": 12
            },
            {
                "label": "In-Store Sales",
                "data": 30
            },
            {
                "label": "Mail-Order Sales",
                "data": 20
            },
            {
                "label": "Online Sales",
                "data": 19
            }
        ]
    },
    "donutChart2": {
        "data": [
            {
                "label": "Download Sales",
                "data": 12
            },
            {
                "label": "In-Store Sales",
                "data": 30
            },
            {
                "label": "Mail-Order Sales",
                "data": 20
            },
            {
                "label": "Online Sales",
                "data": 19
            },
            {
                "label": "Direct Sales",
                "data": 15
            }
        ]
    }
}