{
    "mainData": [
        {
            "month": "2013-01",
            "xbox": 294000,
            "will": 136000,
            "playstation": 244000
        },
        {
            "month": "2013-02",
            "xbox": 228000,
            "will": 335000,
            "playstation": 127000
        },
        {
            "month": "2013-03",
            "xbox": 199000,
            "will": 159000,
            "playstation": 130000
        },
        {
            "month": "2013-04",
            "xbox": 174000,
            "will": 160000,
            "playstation": 82000
        },
        {
            "month": "2013-05",
            "xbox": 255000,
            "will": 318000,
            "playstation": 82000
        },
        {
            "month": "2013-06",
            "xbox": 298400,
            "will": 401800,
            "playstation": 98600
        },
        {
            "month": "2013-07",
            "xbox": 370000,
            "will": 225000,
            "playstation": 159000
        },
        {
            "month": "2013-08",
            "xbox": 376700,
            "will": 303600,
            "playstation": 130000
        },
        {
            "month": "2013-09",
            "xbox": 527800,
            "will": 301000,
            "playstation": 119400
        }
    ],
    "simpleData": [
        {
            "year": "2008",
            "value": 20
        },
        {
            "year": "2009",
            "value": 10
        },
        {
            "year": "2010",
            "value": 5
        },
        {
            "year": "2011",
            "value": 5
        },
        {
            "year": "2012",
            "value": 20
        },
        {
            "year": "2013",
            "value": 19
        }
    ],
    "comboData": [
        {
            "year": "2008",
            "a": 20,
            "b": 16,
            "c": 12
        },
        {
            "year": "2009",
            "a": 10,
            "b": 22,
            "c": 30
        },
        {
            "year": "2010",
            "a": 5,
            "b": 14,
            "c": 20
        },
        {
            "year": "2011",
            "a": 5,
            "b": 12,
            "c": 19
        },
        {
            "year": "2012",
            "a": 20,
            "b": 19,
            "c": 13
        },
        {
            "year": "2013",
            "a": 28,
            "b": 22,
            "c": 20
        }
    ],
    "donutData": [
        {
            "label": "Download Sales",
            "value": 12
        },
        {
            "label": "In-Store Sales",
            "value": 30
        },
        {
            "label": "Mail-Order Sales",
            "value": 20
        },
        {
            "label": "Online Sales",
            "value": 19
        }
    ]
}