{
    "demoData1" : [3, 1, 2, 2, 4, 6, 4, 5, 2, 4, 5, 3, 4, 6, 4, 7],
    "simpleChart1" : [3, 1, 2, 3, 5, 3],
    "simpleChartNoFill" : [100, 200, 459, 234, 600, 800, 345, 987, 675, 457, 765],
    "simpleChart2" : [1, 2, 4, 1, 5, 3, 4, 2, 1, 5, 1, 4],
    "simpleChart2Long" : [1, 2, 4, 1, 5, 3, 4, 2, 1, 5, 1, 4, 1, 2, 4, 1, 5, 3, 4, 2, 1, 5, 1, 4],
    "simpleChartwhiteLong" : [1, 2, 4, 1, 5, 3, 4, 2, 1, 5, 1, 4, 1, 2, 4, 1, 5, 3, 4, 2, 1, 5, 1, 4, 1, 2, 4, 1, 5, 3, 4, 2, 1, 5, 1, 4, 1, 2],
    "simpleChart2danger" : [3, 1, 2, 3, 5, 3, 4, 2, 3, 1, 2, 3],
    "simpleChart2dangerLong" : [3, 1, 2, 3, 5, 3, 4, 2, 3, 1, 2, 3, 2, 1, 2, 3, 5, 3, 4, 2, 3, 1, 2, 3],
    "simpleChartlong" : [1, 3, 2, 5, 4, 2, 1, 7, 1, 8, 4, 3, 5, 2, 4, 5, 1, 7, 1, 8],
    "simpleChart2long" : [3, 1, 2, 3, 5, 3, 4, 2, 5, 4, 2, 6, 2, 4, 3, 1],
    "simpleChart2info" : [3, 1, 2, 3, 5, 3, 4, 2],
    "simpleChart3" : [3, 1, 2, 3, 5, 3, 4, 2],
    "tristateChart1" : [1, 2, -3, -5, 3, 1, -4, 2],
    "tristateChart1Long" : [1, 2, -3, -5, 3, 1, -4, 2, -5, 1, 2, 4, -7, 3, -5, -4, 1, -4, 2, -5, 1, 2, 4, -7, 3],
    "largeChart1" : [3, 1, 2, 3, 5, 3, 4, 2],
    "largeChart2" : [3, 1, 2, 3, 5, 3, 4, 2],
    "largeChart3" : [3, 1, 2, 3, 5]
}